rater_1,rater_2,mean_kappa,mean_agreement,n_features
Gold,Razan,0.5680799999999999,0.9915959999999999,25
Gold,Tilly,0.13046666666666665,0.9801479999999999,25
Razan,Tilly,0.1577142857142857,0.9739920000000001,25
